Symbol,Month type,Symbol Type,Step Value,No. of Strikes Provided (ITM),No. of Strikes Provided (ATM),No. of Strikes Provided (OTM),Total Strikes including reserve (ITM),Total Strikes including reserve (ATM),Total Strikes including reserve (OTM)
AARTIIND,M1,EQUITY,10,7,1,7,21,1,21
AARTIIND,M1,EQUITY,20,5,1,5,15,1,15
AARTIIND,M2,EQUITY,10,7,1,7,21,1,21
AARTIIND,M2,EQUITY,20,5,1,5,15,1,15
AARTIIND,M3,EQUITY,20,3,1,3,9,1,9
AARTIIND,M3,EQUITY,40,3,1,3,9,1,9
ABB,M1,EQUITY,100,9,1,9,27,1,27
ABB,M1,EQUITY,200,7,1,7,21,1,21
ABB,M2,EQUITY,100,9,1,9,27,1,27
ABB,M2,EQUITY,200,7,1,7,21,1,21
ABB,M3,EQUITY,200,5,1,5,15,1,15
ABB,M3,EQUITY,400,3,1,3,9,1,9
ABBOTINDIA,M1,EQUITY,250,11,1,11,33,1,33
ABBOTINDIA,M1,EQUITY,500,8,1,8,24,1,24
ABBOTINDIA,M2,EQUITY,250,11,1,11,33,1,33
ABBOTINDIA,M2,EQUITY,500,8,1,8,24,1,24
ABBOTINDIA,M3,EQUITY,500,6,1,6,18,1,18
ABBOTINDIA,M3,EQUITY,1000,4,1,4,12,1,12
ABCAPITAL,M1,EQUITY,2.5,10,1,10,30,1,30
ABCAPITAL,M1,EQUITY,5,7,1,7,21,1,21
ABCAPITAL,M2,EQUITY,2.5,10,1,10,30,1,30
ABCAPITAL,M2,EQUITY,5,7,1,7,21,1,21
ABCAPITAL,M3,EQUITY,5,5,1,5,15,1,15
ABCAPITAL,M3,EQUITY,10,4,1,4,12,1,12
ABFRL,M1,EQUITY,5,7,1,7,21,1,21
ABFRL,M1,EQUITY,10,5,1,5,15,1,15
ABFRL,M2,EQUITY,5,7,1,7,21,1,21
ABFRL,M2,EQUITY,10,5,1,5,15,1,15
ABFRL,M3,EQUITY,10,3,1,3,9,1,9
ABFRL,M3,EQUITY,20,2,1,2,6,1,6
ACC,M1,EQUITY,20,12,1,12,36,1,36
ACC,M1,EQUITY,40,10,1,10,30,1,30
ACC,M2,EQUITY,20,12,1,12,36,1,36
ACC,M2,EQUITY,40,10,1,10,30,1,30
ACC,M3,EQUITY,40,6,1,6,18,1,18
ACC,M3,EQUITY,80,5,1,5,15,1,15
ADANIENT,M1,EQUITY,50,7,1,7,21,1,21
ADANIENT,M1,EQUITY,100,5,1,5,15,1,15
ADANIENT,M2,EQUITY,50,7,1,7,21,1,21
ADANIENT,M2,EQUITY,100,5,1,5,15,1,15
ADANIENT,M3,EQUITY,100,3,1,3,9,1,9
ADANIENT,M3,EQUITY,200,2,1,2,6,1,6
ADANIPORTS,M1,EQUITY,20,7,1,7,21,1,21
ADANIPORTS,M1,EQUITY,40,5,1,5,15,1,15
ADANIPORTS,M2,EQUITY,20,7,1,7,21,1,21
ADANIPORTS,M2,EQUITY,40,5,1,5,15,1,15
ADANIPORTS,M3,EQUITY,40,4,1,4,12,1,12
ADANIPORTS,M3,EQUITY,80,3,1,3,9,1,9
ALKEM,M1,EQUITY,50,10,1,10,30,1,30
ALKEM,M1,EQUITY,100,8,1,8,24,1,24
ALKEM,M2,EQUITY,50,10,1,10,30,1,30
ALKEM,M2,EQUITY,100,8,1,8,24,1,24
ALKEM,M3,EQUITY,100,5,1,5,15,1,15
ALKEM,M3,EQUITY,200,4,1,4,12,1,12
AMBUJACEM,M1,EQUITY,10,7,1,7,21,1,21
AMBUJACEM,M1,EQUITY,20,5,1,5,15,1,15
AMBUJACEM,M2,EQUITY,10,7,1,7,21,1,21
AMBUJACEM,M2,EQUITY,20,5,1,5,15,1,15
AMBUJACEM,M3,EQUITY,20,3,1,3,9,1,9
AMBUJACEM,M3,EQUITY,40,3,1,3,9,1,9
APOLLOHOSP,M1,EQUITY,50,12,1,12,36,1,36
APOLLOHOSP,M1,EQUITY,100,9,1,9,27,1,27
APOLLOHOSP,M2,EQUITY,50,12,1,12,36,1,36
APOLLOHOSP,M2,EQUITY,100,9,1,9,27,1,27
APOLLOHOSP,M3,EQUITY,100,6,1,6,18,1,18
APOLLOHOSP,M3,EQUITY,200,5,1,5,15,1,15
APOLLOTYRE,M1,EQUITY,5,10,1,10,30,1,30
APOLLOTYRE,M1,EQUITY,10,7,1,7,21,1,21
APOLLOTYRE,M2,EQUITY,5,10,1,10,30,1,30
APOLLOTYRE,M2,EQUITY,10,7,1,7,21,1,21
APOLLOTYRE,M3,EQUITY,10,5,1,5,15,1,15
APOLLOTYRE,M3,EQUITY,20,4,1,4,12,1,12
ASHOKLEY,M1,EQUITY,2.5,10,1,10,30,1,30
ASHOKLEY,M1,EQUITY,5,7,1,7,21,1,21
ASHOKLEY,M2,EQUITY,2.5,10,1,10,30,1,30
ASHOKLEY,M2,EQUITY,5,7,1,7,21,1,21
ASHOKLEY,M3,EQUITY,5,5,1,5,15,1,15
ASHOKLEY,M3,EQUITY,10,4,1,4,12,1,12
ASIANPAINT,M1,EQUITY,20,12,1,12,36,1,36
ASIANPAINT,M1,EQUITY,40,11,1,11,33,1,33
ASIANPAINT,M2,EQUITY,20,12,1,12,36,1,36
ASIANPAINT,M2,EQUITY,40,11,1,11,33,1,33
ASIANPAINT,M3,EQUITY,40,6,1,6,18,1,18
ASIANPAINT,M3,EQUITY,80,5,1,5,15,1,15
ASTRAL,M1,EQUITY,20,11,1,11,33,1,33
ASTRAL,M1,EQUITY,40,8,1,8,24,1,24
ASTRAL,M2,EQUITY,20,11,1,11,33,1,33
ASTRAL,M2,EQUITY,40,8,1,8,24,1,24
ASTRAL,M3,EQUITY,40,6,1,6,18,1,18
ASTRAL,M3,EQUITY,80,4,1,4,12,1,12
ATUL,M1,EQUITY,50,12,1,12,36,1,36
ATUL,M1,EQUITY,100,9,1,9,27,1,27
ATUL,M2,EQUITY,50,12,1,12,36,1,36
ATUL,M2,EQUITY,100,9,1,9,27,1,27
ATUL,M3,EQUITY,100,6,1,6,18,1,18
ATUL,M3,EQUITY,200,5,1,5,15,1,15
AUBANK,M1,EQUITY,10,7,1,7,21,1,21
AUBANK,M1,EQUITY,20,5,1,5,15,1,15
AUBANK,M2,EQUITY,10,7,1,7,21,1,21
AUBANK,M2,EQUITY,20,5,1,5,15,1,15
AUBANK,M3,EQUITY,20,3,1,3,9,1,9
AUBANK,M3,EQUITY,40,2,1,2,6,1,6
AUROPHARMA,M1,EQUITY,20,6,1,6,18,1,18
AUROPHARMA,M1,EQUITY,40,5,1,5,15,1,15
AUROPHARMA,M2,EQUITY,20,6,1,6,18,1,18
AUROPHARMA,M2,EQUITY,40,5,1,5,15,1,15
AUROPHARMA,M3,EQUITY,40,3,1,3,9,1,9
AUROPHARMA,M3,EQUITY,80,2,1,2,6,1,6
AXISBANK,M1,EQUITY,10,12,1,12,36,1,36
AXISBANK,M1,EQUITY,20,9,1,9,27,1,27
AXISBANK,M2,EQUITY,10,12,1,12,36,1,36
AXISBANK,M2,EQUITY,20,9,1,9,27,1,27
AXISBANK,M3,EQUITY,20,6,1,6,18,1,18
AXISBANK,M3,EQUITY,40,4,1,4,12,1,12
BAJAJ-AUTO,M1,EQUITY,100,10,1,10,30,1,30
BAJAJ-AUTO,M1,EQUITY,200,8,1,8,24,1,24
BAJAJ-AUTO,M2,EQUITY,100,10,1,10,30,1,30
BAJAJ-AUTO,M2,EQUITY,200,8,1,8,24,1,24
BAJAJ-AUTO,M3,EQUITY,200,5,1,5,15,1,15
BAJAJ-AUTO,M3,EQUITY,400,4,1,4,12,1,12
BAJAJFINSV,M1,EQUITY,20,8,1,8,24,1,24
BAJAJFINSV,M1,EQUITY,40,6,1,6,18,1,18
BAJAJFINSV,M2,EQUITY,20,8,1,8,24,1,24
BAJAJFINSV,M2,EQUITY,40,6,1,6,18,1,18
BAJAJFINSV,M3,EQUITY,40,4,1,4,12,1,12
BAJAJFINSV,M3,EQUITY,80,3,1,3,9,1,9
BAJFINANCE,M1,EQUITY,100,7,1,7,21,1,21
BAJFINANCE,M1,EQUITY,200,5,1,5,15,1,15
BAJFINANCE,M2,EQUITY,100,7,1,7,21,1,21
BAJFINANCE,M2,EQUITY,200,5,1,5,15,1,15
BAJFINANCE,M3,EQUITY,200,4,1,4,12,1,12
BAJFINANCE,M3,EQUITY,400,3,1,3,9,1,9
BALKRISIND,M1,EQUITY,50,7,1,7,21,1,21
BALKRISIND,M1,EQUITY,100,5,1,5,15,1,15
BALKRISIND,M2,EQUITY,50,7,1,7,21,1,21
BALKRISIND,M2,EQUITY,100,5,1,5,15,1,15
BALKRISIND,M3,EQUITY,100,3,1,3,9,1,9
BALKRISIND,M3,EQUITY,200,2,1,2,6,1,6
BALRAMCHIN,M1,EQUITY,5,9,1,9,27,1,27
BALRAMCHIN,M1,EQUITY,10,6,1,6,18,1,18
BALRAMCHIN,M2,EQUITY,5,9,1,9,27,1,27
BALRAMCHIN,M2,EQUITY,10,6,1,6,18,1,18
BANDHANBNK,M1,EQUITY,2.5,8,1,8,24,1,24
BANDHANBNK,M1,EQUITY,5,6,1,6,18,1,18
BANDHANBNK,M2,EQUITY,2.5,8,1,8,24,1,24
BANDHANBNK,M2,EQUITY,5,6,1,6,18,1,18
BANDHANBNK,M3,EQUITY,5,4,1,4,12,1,12
BANDHANBNK,M3,EQUITY,10,3,1,3,9,1,9
BANKBARODA,M1,EQUITY,5,6,1,6,18,1,18
BANKBARODA,M1,EQUITY,10,4,1,4,12,1,12
BANKBARODA,M2,EQUITY,5,6,1,6,18,1,18
BANKBARODA,M2,EQUITY,10,4,1,4,12,1,12
BANKBARODA,M3,EQUITY,10,3,1,3,9,1,9
BANKBARODA,M3,EQUITY,20,2,1,2,6,1,6
BATAINDIA,M1,EQUITY,20,7,1,7,21,1,21
BATAINDIA,M1,EQUITY,40,5,1,5,15,1,15
BATAINDIA,M2,EQUITY,20,7,1,7,21,1,21
BATAINDIA,M2,EQUITY,40,5,1,5,15,1,15
BATAINDIA,M3,EQUITY,40,4,1,4,12,1,12
BATAINDIA,M3,EQUITY,80,3,1,3,9,1,9
BEL,M1,EQUITY,5,6,1,6,18,1,18
BEL,M1,EQUITY,10,5,1,5,15,1,15
BEL,M2,EQUITY,5,6,1,6,18,1,18
BEL,M2,EQUITY,10,5,1,5,15,1,15
BEL,M3,EQUITY,10,3,1,3,9,1,9
BEL,M3,EQUITY,20,2,1,2,6,1,6
BERGEPAINT,M1,EQUITY,5,10,1,10,30,1,30
BERGEPAINT,M1,EQUITY,10,8,1,8,24,1,24
BERGEPAINT,M2,EQUITY,5,10,1,10,30,1,30
BERGEPAINT,M2,EQUITY,10,8,1,8,24,1,24
BERGEPAINT,M3,EQUITY,10,5,1,5,15,1,15
BERGEPAINT,M3,EQUITY,20,4,1,4,12,1,12
BHARATFORG,M1,EQUITY,20,9,1,9,27,1,27
BHARATFORG,M1,EQUITY,40,6,1,6,18,1,18
BHARATFORG,M2,EQUITY,20,9,1,9,27,1,27
BHARATFORG,M2,EQUITY,40,6,1,6,18,1,18
BHARATFORG,M3,EQUITY,40,4,1,4,12,1,12
BHARATFORG,M3,EQUITY,80,3,1,3,9,1,9
BHARTIARTL,M1,EQUITY,20,7,1,7,21,1,21
BHARTIARTL,M1,EQUITY,40,5,1,5,15,1,15
BHARTIARTL,M2,EQUITY,20,7,1,7,21,1,21
BHARTIARTL,M2,EQUITY,40,5,1,5,15,1,15
BHARTIARTL,M3,EQUITY,40,4,1,4,12,1,12
BHARTIARTL,M3,EQUITY,80,3,1,3,9,1,9
BHEL,M1,EQUITY,5,6,1,6,18,1,18
BHEL,M1,EQUITY,10,5,1,5,15,1,15
BHEL,M2,EQUITY,5,6,1,6,18,1,18
BHEL,M2,EQUITY,10,5,1,5,15,1,15
BHEL,M3,EQUITY,10,3,1,3,9,1,9
BHEL,M3,EQUITY,20,2,1,2,6,1,6
BIOCON,M1,EQUITY,5,7,1,7,21,1,21
BIOCON,M1,EQUITY,10,5,1,5,15,1,15
BIOCON,M2,EQUITY,5,7,1,7,21,1,21
BIOCON,M2,EQUITY,10,5,1,5,15,1,15
BIOCON,M3,EQUITY,10,3,1,3,9,1,9
BIOCON,M3,EQUITY,20,3,1,3,9,1,9
BOSCHLTD,M1,EQUITY,500,7,1,7,21,1,21
BOSCHLTD,M1,EQUITY,1000,5,1,5,15,1,15
BOSCHLTD,M2,EQUITY,500,7,1,7,21,1,21
BOSCHLTD,M2,EQUITY,1000,5,1,5,15,1,15
BOSCHLTD,M3,EQUITY,1000,3,1,3,9,1,9
BOSCHLTD,M3,EQUITY,2000,2,1,2,6,1,6
BPCL,M1,EQUITY,10,6,1,6,18,1,18
BPCL,M1,EQUITY,20,5,1,5,15,1,15
BPCL,M2,EQUITY,10,6,1,6,18,1,18
BPCL,M2,EQUITY,20,5,1,5,15,1,15
BPCL,M3,EQUITY,20,3,1,3,9,1,9
BPCL,M3,EQUITY,40,2,1,2,6,1,6
BRITANNIA,M1,EQUITY,50,11,1,11,33,1,33
BRITANNIA,M1,EQUITY,100,8,1,8,24,1,24
BRITANNIA,M2,EQUITY,50,11,1,11,33,1,33
BRITANNIA,M2,EQUITY,100,8,1,8,24,1,24
BRITANNIA,M3,EQUITY,100,5,1,5,15,1,15
BRITANNIA,M3,EQUITY,200,4,1,4,12,1,12
BSOFT,M1,EQUITY,10,7,1,7,21,1,21
BSOFT,M1,EQUITY,20,5,1,5,15,1,15
BSOFT,M2,EQUITY,10,7,1,7,21,1,21
BSOFT,M2,EQUITY,20,5,1,5,15,1,15
BSOFT,M3,EQUITY,20,3,1,3,9,1,9
BSOFT,M3,EQUITY,40,3,1,3,9,1,9
CANBK,M1,EQUITY,2.5,5,1,5,15,1,15
CANBK,M1,EQUITY,5,4,1,4,12,1,12
CANBK,M2,EQUITY,5,4,1,4,12,1,12
CANBK,M2,EQUITY,2.5,5,1,5,15,1,15
CANBK,M3,EQUITY,5,3,1,3,9,1,9
CANBK,M3,EQUITY,10,2,1,2,6,1,6
CANFINHOME,M1,EQUITY,10,8,1,8,24,1,24
CANFINHOME,M1,EQUITY,20,6,1,6,18,1,18
CANFINHOME,M2,EQUITY,20,6,1,6,18,1,18
CANFINHOME,M2,EQUITY,10,8,1,8,24,1,24
CANFINHOME,M3,EQUITY,20,4,1,4,12,1,12
CANFINHOME,M3,EQUITY,40,3,1,3,9,1,9
CHAMBLFERT,M1,EQUITY,20,3,1,3,9,1,9
CHAMBLFERT,M1,EQUITY,10,4,1,4,12,1,12
CHAMBLFERT,M2,EQUITY,10,4,1,4,12,1,12
CHAMBLFERT,M2,EQUITY,20,3,1,3,9,1,9
CHAMBLFERT,M3,EQUITY,20,3,1,3,9,1,9
CHAMBLFERT,M3,EQUITY,40,2,1,2,6,1,6
CHOLAFIN,M1,EQUITY,20,7,1,7,21,1,21
CHOLAFIN,M1,EQUITY,40,5,1,5,15,1,15
CHOLAFIN,M2,EQUITY,20,7,1,7,21,1,21
CHOLAFIN,M2,EQUITY,40,5,1,5,15,1,15
CHOLAFIN,M3,EQUITY,40,4,1,4,12,1,12
CHOLAFIN,M3,EQUITY,80,3,1,3,9,1,9
CIPLA,M1,EQUITY,20,8,1,8,24,1,24
CIPLA,M1,EQUITY,40,6,1,6,18,1,18
CIPLA,M2,EQUITY,20,8,1,8,24,1,24
CIPLA,M2,EQUITY,40,6,1,6,18,1,18
CIPLA,M3,EQUITY,40,4,1,4,12,1,12
CIPLA,M3,EQUITY,80,3,1,3,9,1,9
COALINDIA,M1,EQUITY,10,5,1,5,15,1,15
COALINDIA,M1,EQUITY,20,4,1,4,12,1,12
COALINDIA,M2,EQUITY,10,5,1,5,15,1,15
COALINDIA,M2,EQUITY,20,4,1,4,12,1,12
COALINDIA,M3,EQUITY,20,3,1,3,9,1,9
COALINDIA,M3,EQUITY,40,2,1,2,6,1,6
COFORGE,M1,EQUITY,100,5,1,5,15,1,15
COFORGE,M1,EQUITY,200,4,1,4,12,1,12
COFORGE,M2,EQUITY,100,5,1,5,15,1,15
COFORGE,M2,EQUITY,200,4,1,4,12,1,12
COFORGE,M3,EQUITY,200,3,1,3,9,1,9
COFORGE,M3,EQUITY,400,2,1,2,6,1,6
COLPAL,M1,EQUITY,20,12,1,12,36,1,36
COLPAL,M1,EQUITY,40,11,1,11,33,1,33
COLPAL,M2,EQUITY,20,12,1,12,36,1,36
COLPAL,M2,EQUITY,40,11,1,11,33,1,33
COLPAL,M3,EQUITY,40,6,1,6,18,1,18
COLPAL,M3,EQUITY,80,6,1,6,18,1,18
CONCOR,M1,EQUITY,20,6,1,6,18,1,18
CONCOR,M1,EQUITY,40,4,1,4,12,1,12
CONCOR,M2,EQUITY,20,6,1,6,18,1,18
CONCOR,M2,EQUITY,40,4,1,4,12,1,12
CONCOR,M3,EQUITY,40,3,1,3,9,1,9
CONCOR,M3,EQUITY,80,2,1,2,6,1,6
COROMANDEL,M1,EQUITY,20,8,1,8,24,1,24
COROMANDEL,M1,EQUITY,40,6,1,6,18,1,18
COROMANDEL,M2,EQUITY,20,8,1,8,24,1,24
COROMANDEL,M2,EQUITY,40,6,1,6,18,1,18
COROMANDEL,M3,EQUITY,40,4,1,4,12,1,12
COROMANDEL,M3,EQUITY,80,3,1,3,9,1,9
CROMPTON,M1,EQUITY,5,9,1,9,27,1,27
CROMPTON,M1,EQUITY,10,6,1,6,18,1,18
CROMPTON,M2,EQUITY,5,9,1,9,27,1,27
CROMPTON,M2,EQUITY,10,6,1,6,18,1,18
CROMPTON,M3,EQUITY,10,4,1,4,12,1,12
CROMPTON,M3,EQUITY,20,3,1,3,9,1,9
CUB,M1,EQUITY,2.5,6,1,6,18,1,18
CUB,M1,EQUITY,5,5,1,5,15,1,15
CUB,M2,EQUITY,2.5,6,1,6,18,1,18
CUB,M2,EQUITY,5,5,1,5,15,1,15
CUB,M3,EQUITY,5,3,1,3,9,1,9
CUB,M3,EQUITY,10,2,1,2,6,1,6
CUMMINSIND,M1,EQUITY,50,8,1,8,24,1,24
CUMMINSIND,M1,EQUITY,100,6,1,6,18,1,18
CUMMINSIND,M2,EQUITY,50,8,1,8,24,1,24
CUMMINSIND,M2,EQUITY,100,6,1,6,18,1,18
CUMMINSIND,M3,EQUITY,100,4,1,4,12,1,12
CUMMINSIND,M3,EQUITY,200,3,1,3,9,1,9
DABUR,M1,EQUITY,5,12,1,12,36,1,36
DABUR,M1,EQUITY,10,9,1,9,27,1,27
DABUR,M2,EQUITY,5,12,1,12,36,1,36
DABUR,M2,EQUITY,10,9,1,9,27,1,27
DABUR,M3,EQUITY,10,6,1,6,18,1,18
DABUR,M3,EQUITY,20,5,1,5,15,1,15
DALBHARAT,M1,EQUITY,20,9,1,9,27,1,27
DALBHARAT,M1,EQUITY,40,7,1,7,21,1,21
DALBHARAT,M2,EQUITY,20,9,1,9,27,1,27
DALBHARAT,M2,EQUITY,40,7,1,7,21,1,21
DALBHARAT,M3,EQUITY,40,5,1,5,15,1,15
DALBHARAT,M3,EQUITY,80,4,1,4,12,1,12
DEEPAKNTR,M1,EQUITY,20,12,1,12,36,1,36
DEEPAKNTR,M1,EQUITY,40,9,1,9,27,1,27
DEEPAKNTR,M2,EQUITY,20,12,1,12,36,1,36
DEEPAKNTR,M2,EQUITY,40,9,1,9,27,1,27
DEEPAKNTR,M3,EQUITY,40,6,1,6,18,1,18
DEEPAKNTR,M3,EQUITY,80,5,1,5,15,1,15
DIVISLAB,M1,EQUITY,50,9,1,9,27,1,27
DIVISLAB,M1,EQUITY,100,7,1,7,21,1,21
DIVISLAB,M2,EQUITY,50,9,1,9,27,1,27
DIVISLAB,M2,EQUITY,100,7,1,7,21,1,21
DIVISLAB,M3,EQUITY,100,5,1,5,15,1,15
DIVISLAB,M3,EQUITY,200,3,1,3,9,1,9
DIXON,M1,EQUITY,100,11,1,11,33,1,33
DIXON,M1,EQUITY,200,8,1,8,24,1,24
DIXON,M2,EQUITY,100,11,1,11,33,1,33
DIXON,M2,EQUITY,200,8,1,8,24,1,24
DIXON,M3,EQUITY,200,6,1,6,18,1,18
DIXON,M3,EQUITY,400,4,1,4,12,1,12
DLF,M1,EQUITY,10,9,1,9,27,1,27
DLF,M1,EQUITY,20,7,1,7,21,1,21
DLF,M2,EQUITY,10,9,1,9,27,1,27
DLF,M2,EQUITY,20,7,1,7,21,1,21
DLF,M3,EQUITY,20,4,1,4,12,1,12
DLF,M3,EQUITY,40,3,1,3,9,1,9
DRREDDY,M1,EQUITY,50,12,1,12,36,1,36
DRREDDY,M1,EQUITY,100,9,1,9,27,1,27
DRREDDY,M2,EQUITY,50,12,1,12,36,1,36
DRREDDY,M2,EQUITY,100,9,1,9,27,1,27
DRREDDY,M3,EQUITY,100,6,1,6,18,1,18
DRREDDY,M3,EQUITY,200,5,1,5,15,1,15
EICHERMOT,M1,EQUITY,50,10,1,10,30,1,30
EICHERMOT,M1,EQUITY,100,7,1,7,21,1,21
EICHERMOT,M2,EQUITY,50,10,1,10,30,1,30
EICHERMOT,M2,EQUITY,100,7,1,7,21,1,21
EICHERMOT,M3,EQUITY,100,5,1,5,15,1,15
EICHERMOT,M3,EQUITY,200,4,1,4,12,1,12
ESCORTS,M1,EQUITY,50,9,1,9,27,1,27
ESCORTS,M1,EQUITY,100,6,1,6,18,1,18
ESCORTS,M2,EQUITY,50,9,1,9,27,1,27
ESCORTS,M2,EQUITY,100,6,1,6,18,1,18
ESCORTS,M3,EQUITY,100,4,1,4,12,1,12
ESCORTS,M3,EQUITY,200,3,1,3,9,1,9
EXIDEIND,M1,EQUITY,10,5,1,5,15,1,15
EXIDEIND,M1,EQUITY,20,4,1,4,12,1,12
EXIDEIND,M2,EQUITY,10,5,1,5,15,1,15
EXIDEIND,M2,EQUITY,20,4,1,4,12,1,12
EXIDEIND,M3,EQUITY,20,3,1,3,9,1,9
EXIDEIND,M3,EQUITY,40,2,1,2,6,1,6
FEDERALBNK,M1,EQUITY,2.5,7,1,7,21,1,21
FEDERALBNK,M1,EQUITY,5,5,1,5,15,1,15
FEDERALBNK,M2,EQUITY,2.5,7,1,7,21,1,21
FEDERALBNK,M2,EQUITY,5,5,1,5,15,1,15
FEDERALBNK,M3,EQUITY,5,4,1,4,12,1,12
FEDERALBNK,M3,EQUITY,10,3,1,3,9,1,9
GAIL,M1,EQUITY,5,4,1,4,12,1,12
GAIL,M1,EQUITY,10,3,1,3,9,1,9
GAIL,M2,EQUITY,5,4,1,4,12,1,12
GAIL,M2,EQUITY,10,3,1,3,9,1,9
GAIL,M3,EQUITY,10,3,1,3,9,1,9
GAIL,M3,EQUITY,20,2,1,2,6,1,6
GLENMARK,M1,EQUITY,20,6,1,6,18,1,18
GLENMARK,M1,EQUITY,40,5,1,5,15,1,15
GLENMARK,M2,EQUITY,20,6,1,6,18,1,18
GLENMARK,M2,EQUITY,40,5,1,5,15,1,15
GLENMARK,M3,EQUITY,40,3,1,3,9,1,9
GLENMARK,M3,EQUITY,80,2,1,2,6,1,6
GMRINFRA,M1,EQUITY,2.5,4,1,4,12,1,12
GMRINFRA,M1,EQUITY,5,3,1,3,9,1,9
GMRINFRA,M2,EQUITY,2.5,4,1,4,12,1,12
GMRINFRA,M2,EQUITY,5,3,1,3,9,1,9
GMRINFRA,M3,EQUITY,5,3,1,3,9,1,9
GMRINFRA,M3,EQUITY,10,1,1,1,3,1,3
GNFC,M1,EQUITY,10,7,1,7,21,1,21
GNFC,M1,EQUITY,20,5,1,5,15,1,15
GNFC,M2,EQUITY,10,7,1,7,21,1,21
GNFC,M2,EQUITY,20,5,1,5,15,1,15
GNFC,M3,EQUITY,20,3,1,3,9,1,9
GNFC,M3,EQUITY,40,3,1,3,9,1,9
GODREJCP,M1,EQUITY,20,7,1,7,21,1,21
GODREJCP,M1,EQUITY,40,5,1,5,15,1,15
GODREJCP,M2,EQUITY,20,7,1,7,21,1,21
GODREJCP,M2,EQUITY,40,5,1,5,15,1,15
GODREJCP,M3,EQUITY,40,4,1,4,12,1,12
GODREJCP,M3,EQUITY,80,3,1,3,9,1,9
GODREJPROP,M1,EQUITY,50,6,1,6,18,1,18
GODREJPROP,M1,EQUITY,100,5,1,5,15,1,15
GODREJPROP,M2,EQUITY,50,6,1,6,18,1,18
GODREJPROP,M2,EQUITY,100,5,1,5,15,1,15
GODREJPROP,M3,EQUITY,100,3,1,3,9,1,9
GODREJPROP,M3,EQUITY,200,2,1,2,6,1,6
GRANULES,M1,EQUITY,5,9,1,9,27,1,27
GRANULES,M1,EQUITY,10,7,1,7,21,1,21
GRANULES,M2,EQUITY,5,9,1,9,27,1,27
GRANULES,M2,EQUITY,10,7,1,7,21,1,21
GRANULES,M3,EQUITY,10,5,1,5,15,1,15
GRANULES,M3,EQUITY,20,3,1,3,9,1,9
GRASIM,M1,EQUITY,20,12,1,12,36,1,36
GRASIM,M1,EQUITY,40,9,1,9,27,1,27
GRASIM,M2,EQUITY,20,12,1,12,36,1,36
GRASIM,M2,EQUITY,40,9,1,9,27,1,27
GRASIM,M3,EQUITY,40,6,1,6,18,1,18
GRASIM,M3,EQUITY,80,5,1,5,15,1,15
GUJGASLTD,M1,EQUITY,10,6,1,6,18,1,18
GUJGASLTD,M1,EQUITY,20,5,1,5,15,1,15
GUJGASLTD,M2,EQUITY,10,6,1,6,18,1,18
GUJGASLTD,M2,EQUITY,20,5,1,5,15,1,15
GUJGASLTD,M3,EQUITY,20,3,1,3,9,1,9
GUJGASLTD,M3,EQUITY,40,2,1,2,6,1,6
HAL,M1,EQUITY,100,5,1,5,15,1,15
HAL,M1,EQUITY,200,4,1,4,12,1,12
HAL,M2,EQUITY,100,5,1,5,15,1,15
HAL,M2,EQUITY,200,4,1,4,12,1,12
HAL,M3,EQUITY,200,3,1,3,9,1,9
HAL,M3,EQUITY,400,2,1,2,6,1,6
HAVELLS,M1,EQUITY,20,9,1,9,27,1,27
HAVELLS,M1,EQUITY,40,7,1,7,21,1,21
HAVELLS,M2,EQUITY,20,9,1,9,27,1,27
HAVELLS,M2,EQUITY,40,7,1,7,21,1,21
HAVELLS,M3,EQUITY,40,5,1,5,15,1,15
HAVELLS,M3,EQUITY,80,3,1,3,9,1,9
HCLTECH,M1,EQUITY,20,7,1,7,21,1,21
HCLTECH,M1,EQUITY,40,5,1,5,15,1,15
HCLTECH,M2,EQUITY,20,7,1,7,21,1,21
HCLTECH,M2,EQUITY,40,5,1,5,15,1,15
HCLTECH,M3,EQUITY,40,4,1,4,12,1,12
HCLTECH,M3,EQUITY,80,3,1,3,9,1,9
HDFCAMC,M1,EQUITY,50,8,1,8,24,1,24
HDFCAMC,M1,EQUITY,100,6,1,6,18,1,18
HDFCAMC,M2,EQUITY,50,8,1,8,24,1,24
HDFCAMC,M2,EQUITY,100,6,1,6,18,1,18
HDFCAMC,M3,EQUITY,100,4,1,4,12,1,12
HDFCAMC,M3,EQUITY,200,3,1,3,9,1,9
HDFCBANK,M1,EQUITY,10,12,1,12,36,1,36
HDFCBANK,M1,EQUITY,20,12,1,12,36,1,36
HDFCBANK,M2,EQUITY,10,12,1,12,36,1,36
HDFCBANK,M2,EQUITY,20,12,1,12,36,1,36
HDFCBANK,M3,EQUITY,20,6,1,6,18,1,18
HDFCBANK,M3,EQUITY,40,6,1,6,18,1,18
HDFCLIFE,M1,EQUITY,5,12,1,12,36,1,36
HDFCLIFE,M1,EQUITY,10,9,1,9,27,1,27
HDFCLIFE,M2,EQUITY,5,12,1,12,36,1,36
HDFCLIFE,M2,EQUITY,10,9,1,9,27,1,27
HDFCLIFE,M3,EQUITY,10,6,1,6,18,1,18
HDFCLIFE,M3,EQUITY,20,5,1,5,15,1,15
HEROMOTOCO,M1,EQUITY,100,6,1,6,18,1,18
HEROMOTOCO,M1,EQUITY,200,4,1,4,12,1,12
HEROMOTOCO,M2,EQUITY,100,6,1,6,18,1,18
HEROMOTOCO,M2,EQUITY,200,4,1,4,12,1,12
HEROMOTOCO,M3,EQUITY,200,3,1,3,9,1,9
HEROMOTOCO,M3,EQUITY,400,2,1,2,6,1,6
HINDALCO,M1,EQUITY,10,7,1,7,21,1,21
HINDALCO,M1,EQUITY,20,5,1,5,15,1,15
HINDALCO,M2,EQUITY,10,7,1,7,21,1,21
HINDALCO,M2,EQUITY,20,5,1,5,15,1,15
HINDALCO,M3,EQUITY,20,3,1,3,9,1,9
HINDALCO,M3,EQUITY,40,3,1,3,9,1,9
HINDCOPPER,M1,EQUITY,10,3,1,3,9,1,9
HINDCOPPER,M1,EQUITY,20,3,1,3,9,1,9
HINDCOPPER,M2,EQUITY,10,3,1,3,9,1,9
HINDCOPPER,M2,EQUITY,20,3,1,3,9,1,9
HINDCOPPER,M3,EQUITY,20,3,1,3,9,1,9
HINDCOPPER,M3,EQUITY,40,1,1,1,3,1,3
HINDPETRO,M1,EQUITY,10,5,1,5,15,1,15
HINDPETRO,M1,EQUITY,20,4,1,4,12,1,12
HINDPETRO,M2,EQUITY,10,5,1,5,15,1,15
HINDPETRO,M2,EQUITY,20,4,1,4,12,1,12
HINDPETRO,M3,EQUITY,20,3,1,3,9,1,9
HINDPETRO,M3,EQUITY,40,2,1,2,6,1,6
HINDUNILVR,M1,EQUITY,20,12,1,12,36,1,36
HINDUNILVR,M1,EQUITY,40,9,1,9,27,1,27
HINDUNILVR,M2,EQUITY,20,12,1,12,36,1,36
HINDUNILVR,M2,EQUITY,40,9,1,9,27,1,27
HINDUNILVR,M3,EQUITY,40,6,1,6,18,1,18
HINDUNILVR,M3,EQUITY,80,5,1,5,15,1,15
ICICIBANK,M1,EQUITY,10,11,1,11,33,1,33
ICICIBANK,M1,EQUITY,20,8,1,8,24,1,24
ICICIBANK,M2,EQUITY,10,11,1,11,33,1,33
ICICIBANK,M2,EQUITY,20,8,1,8,24,1,24
ICICIBANK,M3,EQUITY,40,4,1,4,12,1,12
ICICIBANK,M3,EQUITY,20,6,1,6,18,1,18
ICICIGI,M1,EQUITY,40,7,1,7,21,1,21
ICICIGI,M1,EQUITY,20,9,1,9,27,1,27
ICICIGI,M2,EQUITY,40,7,1,7,21,1,21
ICICIGI,M2,EQUITY,20,9,1,9,27,1,27
ICICIGI,M3,EQUITY,80,3,1,3,9,1,9
ICICIGI,M3,EQUITY,40,4,1,4,12,1,12
ICICIPRULI,M1,EQUITY,10,6,1,6,18,1,18
ICICIPRULI,M1,EQUITY,20,5,1,5,15,1,15
ICICIPRULI,M2,EQUITY,10,6,1,6,18,1,18
ICICIPRULI,M2,EQUITY,20,5,1,5,15,1,15
ICICIPRULI,M3,EQUITY,20,3,1,3,9,1,9
ICICIPRULI,M3,EQUITY,40,2,1,2,6,1,6
IDEA,M1,EQUITY,1,3,1,3,9,1,9
IDEA,M1,EQUITY,2,1,1,1,3,1,3
IDEA,M2,EQUITY,1,3,1,3,9,1,9
IDEA,M2,EQUITY,2,1,1,1,3,1,3
IDEA,M3,EQUITY,2,3,1,3,9,1,9
IDEA,M3,EQUITY,4,1,1,1,3,1,3
IDFC,M1,EQUITY,1,12,1,12,36,1,36
IDFC,M1,EQUITY,2,9,1,9,27,1,27
IDFC,M2,EQUITY,1,12,1,12,36,1,36
IDFC,M2,EQUITY,2,9,1,9,27,1,27
IDFC,M3,EQUITY,2,6,1,6,18,1,18
IDFC,M3,EQUITY,4,4,1,4,12,1,12
IDFCFIRSTB,M1,EQUITY,1,8,1,8,24,1,24
IDFCFIRSTB,M1,EQUITY,2,6,1,6,18,1,18
IDFCFIRSTB,M2,EQUITY,1,8,1,8,24,1,24
IDFCFIRSTB,M2,EQUITY,2,6,1,6,18,1,18
IDFCFIRSTB,M3,EQUITY,2,4,1,4,12,1,12
IDFCFIRSTB,M3,EQUITY,4,3,1,3,9,1,9
IEX,M1,EQUITY,2.5,7,1,7,21,1,21
IEX,M1,EQUITY,5,5,1,5,15,1,15
IEX,M2,EQUITY,2.5,7,1,7,21,1,21
IEX,M2,EQUITY,5,5,1,5,15,1,15
IEX,M3,EQUITY,5,4,1,4,12,1,12
IEX,M3,EQUITY,10,3,1,3,9,1,9
IGL,M1,EQUITY,5,10,1,10,30,1,30
IGL,M1,EQUITY,10,7,1,7,21,1,21
IGL,M2,EQUITY,5,10,1,10,30,1,30
IGL,M2,EQUITY,10,7,1,7,21,1,21
IGL,M3,EQUITY,10,5,1,5,15,1,15
IGL,M3,EQUITY,20,4,1,4,12,1,12
INDHOTEL,M1,EQUITY,10,6,1,6,18,1,18
INDHOTEL,M1,EQUITY,20,5,1,5,15,1,15
INDHOTEL,M2,EQUITY,10,6,1,6,18,1,18
INDHOTEL,M2,EQUITY,20,5,1,5,15,1,15
INDHOTEL,M3,EQUITY,20,3,1,3,9,1,9
INDHOTEL,M3,EQUITY,40,2,1,2,6,1,6
INDIAMART,M1,EQUITY,20,12,1,12,36,1,36
INDIAMART,M1,EQUITY,40,10,1,10,30,1,30
INDIAMART,M2,EQUITY,20,12,1,12,36,1,36
INDIAMART,M2,EQUITY,40,10,1,10,30,1,30
INDIAMART,M3,EQUITY,40,6,1,6,18,1,18
INDIAMART,M3,EQUITY,80,5,1,5,15,1,15
INDIGO,M1,EQUITY,50,9,1,9,27,1,27
INDIGO,M1,EQUITY,100,6,1,6,18,1,18
INDIGO,M2,EQUITY,50,9,1,9,27,1,27
INDIGO,M2,EQUITY,100,6,1,6,18,1,18
INDIGO,M3,EQUITY,100,4,1,4,12,1,12
INDIGO,M3,EQUITY,200,3,1,3,9,1,9
INDUSINDBK,M1,EQUITY,20,8,1,8,24,1,24
INDUSINDBK,M1,EQUITY,40,6,1,6,18,1,18
INDUSINDBK,M2,EQUITY,20,8,1,8,24,1,24
INDUSINDBK,M2,EQUITY,40,6,1,6,18,1,18
INDUSINDBK,M3,EQUITY,40,4,1,4,12,1,12
INDUSINDBK,M3,EQUITY,80,3,1,3,9,1,9
INDUSTOWER,M1,EQUITY,5,7,1,7,21,1,21
INDUSTOWER,M1,EQUITY,10,5,1,5,15,1,15
INDUSTOWER,M2,EQUITY,5,7,1,7,21,1,21
INDUSTOWER,M2,EQUITY,10,5,1,5,15,1,15
INDUSTOWER,M3,EQUITY,10,3,1,3,9,1,9
INDUSTOWER,M3,EQUITY,20,3,1,3,9,1,9
INFY,M1,EQUITY,20,7,1,7,21,1,21
INFY,M1,EQUITY,40,6,1,6,18,1,18
INFY,M2,EQUITY,20,7,1,7,21,1,21
INFY,M2,EQUITY,40,6,1,6,18,1,18
INFY,M3,EQUITY,40,4,1,4,12,1,12
INFY,M3,EQUITY,80,3,1,3,9,1,9
IOC,M1,EQUITY,2.5,7,1,7,21,1,21
IOC,M1,EQUITY,5,5,1,5,15,1,15
IOC,M2,EQUITY,2.5,7,1,7,21,1,21
IOC,M2,EQUITY,5,5,1,5,15,1,15
IOC,M3,EQUITY,5,3,1,3,9,1,9
IOC,M3,EQUITY,10,3,1,3,9,1,9
IPCALAB,M1,EQUITY,20,6,1,6,18,1,18
IPCALAB,M1,EQUITY,40,4,1,4,12,1,12
IPCALAB,M2,EQUITY,20,6,1,6,18,1,18
IPCALAB,M2,EQUITY,40,4,1,4,12,1,12
IPCALAB,M3,EQUITY,40,3,1,3,9,1,9
IPCALAB,M3,EQUITY,80,2,1,2,6,1,6
IRCTC,M1,EQUITY,20,5,1,5,15,1,15
IRCTC,M1,EQUITY,40,4,1,4,12,1,12
IRCTC,M2,EQUITY,20,5,1,5,15,1,15
IRCTC,M2,EQUITY,40,4,1,4,12,1,12
IRCTC,M3,EQUITY,40,3,1,3,9,1,9
IRCTC,M3,EQUITY,80,2,1,2,6,1,6
ITC,M1,EQUITY,5,9,1,9,27,1,27
ITC,M1,EQUITY,10,6,1,6,18,1,18
ITC,M2,EQUITY,5,9,1,9,27,1,27
ITC,M2,EQUITY,10,6,1,6,18,1,18
ITC,M3,EQUITY,10,4,1,4,12,1,12
ITC,M3,EQUITY,20,3,1,3,9,1,9
JINDALSTEL,M1,EQUITY,20,5,1,5,15,1,15
JINDALSTEL,M1,EQUITY,40,4,1,4,12,1,12
JINDALSTEL,M2,EQUITY,20,5,1,5,15,1,15
JINDALSTEL,M2,EQUITY,40,4,1,4,12,1,12
JINDALSTEL,M3,EQUITY,40,3,1,3,9,1,9
JINDALSTEL,M3,EQUITY,80,2,1,2,6,1,6
JKCEMENT,M1,EQUITY,50,9,1,9,27,1,27
JKCEMENT,M1,EQUITY,100,7,1,7,21,1,21
JKCEMENT,M2,EQUITY,50,9,1,9,27,1,27
JKCEMENT,M2,EQUITY,100,7,1,7,21,1,21
JKCEMENT,M3,EQUITY,100,4,1,4,12,1,12
JKCEMENT,M3,EQUITY,200,3,1,3,9,1,9
JSWSTEEL,M1,EQUITY,10,9,1,9,27,1,27
JSWSTEEL,M1,EQUITY,20,7,1,7,21,1,21
JSWSTEEL,M2,EQUITY,10,9,1,9,27,1,27
JSWSTEEL,M2,EQUITY,20,7,1,7,21,1,21
JSWSTEEL,M3,EQUITY,20,5,1,5,15,1,15
JSWSTEEL,M3,EQUITY,40,3,1,3,9,1,9
JUBLFOOD,M1,EQUITY,5,11,1,11,33,1,33
JUBLFOOD,M1,EQUITY,10,8,1,8,24,1,24
JUBLFOOD,M2,EQUITY,5,11,1,11,33,1,33
JUBLFOOD,M2,EQUITY,10,8,1,8,24,1,24
JUBLFOOD,M3,EQUITY,10,5,1,5,15,1,15
JUBLFOOD,M3,EQUITY,20,4,1,4,12,1,12
KOTAKBANK,M1,EQUITY,20,9,1,9,27,1,27
KOTAKBANK,M1,EQUITY,40,6,1,6,18,1,18
KOTAKBANK,M2,EQUITY,20,9,1,9,27,1,27
KOTAKBANK,M2,EQUITY,40,6,1,6,18,1,18
KOTAKBANK,M3,EQUITY,40,4,1,4,12,1,12
KOTAKBANK,M3,EQUITY,80,3,1,3,9,1,9
LALPATHLAB,M1,EQUITY,50,6,1,6,18,1,18
LALPATHLAB,M1,EQUITY,100,4,1,4,12,1,12
LALPATHLAB,M2,EQUITY,100,4,1,4,12,1,12
LALPATHLAB,M2,EQUITY,50,6,1,6,18,1,18
LALPATHLAB,M3,EQUITY,100,3,1,3,9,1,9
LALPATHLAB,M3,EQUITY,200,2,1,2,6,1,6
LAURUSLABS,M1,EQUITY,5,9,1,9,27,1,27
LAURUSLABS,M1,EQUITY,10,7,1,7,21,1,21
LAURUSLABS,M2,EQUITY,5,9,1,9,27,1,27
LAURUSLABS,M2,EQUITY,10,7,1,7,21,1,21
LAURUSLABS,M3,EQUITY,10,4,1,4,12,1,12
LAURUSLABS,M3,EQUITY,20,3,1,3,9,1,9
LICHSGFIN,M1,EQUITY,10,7,1,7,21,1,21
LICHSGFIN,M1,EQUITY,20,5,1,5,15,1,15
LICHSGFIN,M2,EQUITY,10,7,1,7,21,1,21
LICHSGFIN,M2,EQUITY,20,5,1,5,15,1,15
LICHSGFIN,M3,EQUITY,20,4,1,4,12,1,12
LICHSGFIN,M3,EQUITY,40,3,1,3,9,1,9
LT,M1,EQUITY,50,7,1,7,21,1,21
LT,M1,EQUITY,100,6,1,6,18,1,18
LT,M2,EQUITY,50,7,1,7,21,1,21
LT,M2,EQUITY,100,6,1,6,18,1,18
LT,M3,EQUITY,100,4,1,4,12,1,12
LT,M3,EQUITY,200,3,1,3,9,1,9
LTF,M1,EQUITY,2.5,7,1,7,21,1,21
LTF,M1,EQUITY,5,5,1,5,15,1,15
LTF,M2,EQUITY,2.5,7,1,7,21,1,21
LTF,M2,EQUITY,5,5,1,5,15,1,15
LTF,M3,EQUITY,5,4,1,4,12,1,12
LTF,M3,EQUITY,10,3,1,3,9,1,9
LTIM,M1,EQUITY,50,10,1,10,30,1,30
LTIM,M1,EQUITY,100,8,1,8,24,1,24
LTIM,M2,EQUITY,50,10,1,10,30,1,30
LTIM,M2,EQUITY,100,8,1,8,24,1,24
LTIM,M3,EQUITY,100,5,1,5,15,1,15
LTIM,M3,EQUITY,200,4,1,4,12,1,12
LTTS,M1,EQUITY,50,10,1,10,30,1,30
LTTS,M1,EQUITY,100,7,1,7,21,1,21
LTTS,M2,EQUITY,50,10,1,10,30,1,30
LTTS,M2,EQUITY,100,7,1,7,21,1,21
LTTS,M3,EQUITY,200,4,1,4,12,1,12
LTTS,M3,EQUITY,100,5,1,5,15,1,15
LUPIN,M1,EQUITY,20,8,1,8,24,1,24
LUPIN,M1,EQUITY,40,6,1,6,18,1,18
LUPIN,M2,EQUITY,20,8,1,8,24,1,24
LUPIN,M2,EQUITY,40,6,1,6,18,1,18
LUPIN,M3,EQUITY,40,4,1,4,12,1,12
LUPIN,M3,EQUITY,80,3,1,3,9,1,9
M&M,M1,EQUITY,50,6,1,6,18,1,18
M&M,M1,EQUITY,100,4,1,4,12,1,12
M&M,M2,EQUITY,50,6,1,6,18,1,18
M&M,M2,EQUITY,100,4,1,4,12,1,12
M&M,M3,EQUITY,100,3,1,3,9,1,9
M&M,M3,EQUITY,200,2,1,2,6,1,6
M&MFIN,M1,EQUITY,5,6,1,6,18,1,18
M&MFIN,M1,EQUITY,10,5,1,5,15,1,15
M&MFIN,M2,EQUITY,5,6,1,6,18,1,18
M&MFIN,M2,EQUITY,10,5,1,5,15,1,15
M&MFIN,M3,EQUITY,10,3,1,3,9,1,9
M&MFIN,M3,EQUITY,20,2,1,2,6,1,6
MANAPPURAM,M1,EQUITY,2.5,7,1,7,21,1,21
MANAPPURAM,M1,EQUITY,5,6,1,6,18,1,18
MANAPPURAM,M2,EQUITY,2.5,7,1,7,21,1,21
MANAPPURAM,M2,EQUITY,5,6,1,6,18,1,18
MANAPPURAM,M3,EQUITY,5,4,1,4,12,1,12
MANAPPURAM,M3,EQUITY,10,3,1,3,9,1,9
MARICO,M1,EQUITY,5,12,1,12,36,1,36
MARICO,M1,EQUITY,10,9,1,9,27,1,27
MARICO,M2,EQUITY,5,12,1,12,36,1,36
MARICO,M2,EQUITY,10,9,1,9,27,1,27
MARICO,M3,EQUITY,10,6,1,6,18,1,18
MARICO,M3,EQUITY,20,5,1,5,15,1,15
MARUTI,M1,EQUITY,100,12,1,12,36,1,36
MARUTI,M1,EQUITY,200,10,1,10,30,1,30
MARUTI,M2,EQUITY,100,12,1,12,36,1,36
MARUTI,M2,EQUITY,200,10,1,10,30,1,30
MARUTI,M3,EQUITY,200,6,1,6,18,1,18
MARUTI,M3,EQUITY,400,5,1,5,15,1,15
MCX,M1,EQUITY,50,8,1,8,24,1,24
MCX,M1,EQUITY,100,6,1,6,18,1,18
MCX,M2,EQUITY,50,8,1,8,24,1,24
MCX,M2,EQUITY,100,6,1,6,18,1,18
MCX,M3,EQUITY,100,4,1,4,12,1,12
MCX,M3,EQUITY,200,3,1,3,9,1,9
METROPOLIS,M1,EQUITY,20,10,1,10,30,1,30
METROPOLIS,M1,EQUITY,40,7,1,7,21,1,21
METROPOLIS,M2,EQUITY,20,10,1,10,30,1,30
METROPOLIS,M2,EQUITY,40,7,1,7,21,1,21
METROPOLIS,M3,EQUITY,40,5,1,5,15,1,15
METROPOLIS,M3,EQUITY,80,4,1,4,12,1,12
MFSL,M1,EQUITY,20,5,1,5,15,1,15
MFSL,M1,EQUITY,40,4,1,4,12,1,12
MFSL,M2,EQUITY,20,5,1,5,15,1,15
MFSL,M2,EQUITY,40,4,1,4,12,1,12
MFSL,M3,EQUITY,40,3,1,3,9,1,9
MFSL,M3,EQUITY,80,2,1,2,6,1,6
MGL,M1,EQUITY,20,7,1,7,21,1,21
MGL,M1,EQUITY,40,5,1,5,15,1,15
MGL,M2,EQUITY,20,7,1,7,21,1,21
MGL,M2,EQUITY,40,5,1,5,15,1,15
MGL,M3,EQUITY,40,4,1,4,12,1,12
MGL,M3,EQUITY,80,3,1,3,9,1,9
MOTHERSON,M1,EQUITY,2.5,7,1,7,21,1,21
MOTHERSON,M1,EQUITY,5,5,1,5,15,1,15
MOTHERSON,M2,EQUITY,2.5,7,1,7,21,1,21
MOTHERSON,M2,EQUITY,5,5,1,5,15,1,15
MOTHERSON,M3,EQUITY,5,4,1,4,12,1,12
MOTHERSON,M3,EQUITY,10,3,1,3,9,1,9
MPHASIS,M1,EQUITY,50,5,1,5,15,1,15
MPHASIS,M1,EQUITY,100,4,1,4,12,1,12
MPHASIS,M2,EQUITY,50,5,1,5,15,1,15
MPHASIS,M2,EQUITY,100,4,1,4,12,1,12
MPHASIS,M3,EQUITY,100,3,1,3,9,1,9
MPHASIS,M3,EQUITY,200,2,1,2,6,1,6
MRF,M1,EQUITY,500,12,1,12,36,1,36
MRF,M1,EQUITY,1000,12,1,12,36,1,36
MRF,M2,EQUITY,500,12,1,12,36,1,36
MRF,M2,EQUITY,1000,12,1,12,36,1,36
MRF,M3,EQUITY,1000,6,1,6,18,1,18
MRF,M3,EQUITY,2000,6,1,6,18,1,18
MUTHOOTFIN,M1,EQUITY,20,9,1,9,27,1,27
MUTHOOTFIN,M1,EQUITY,40,7,1,7,21,1,21
MUTHOOTFIN,M2,EQUITY,20,9,1,9,27,1,27
MUTHOOTFIN,M2,EQUITY,40,7,1,7,21,1,21
MUTHOOTFIN,M3,EQUITY,40,4,1,4,12,1,12
MUTHOOTFIN,M3,EQUITY,80,3,1,3,9,1,9
NATIONALUM,M1,EQUITY,5,4,1,4,12,1,12
NATIONALUM,M1,EQUITY,10,3,1,3,9,1,9
NATIONALUM,M2,EQUITY,5,4,1,4,12,1,12
NATIONALUM,M2,EQUITY,10,3,1,3,9,1,9
NATIONALUM,M3,EQUITY,10,3,1,3,9,1,9
NATIONALUM,M3,EQUITY,20,1,1,1,3,1,3
NAUKRI,M1,EQUITY,100,6,1,6,18,1,18
NAUKRI,M1,EQUITY,200,5,1,5,15,1,15
NAUKRI,M2,EQUITY,100,6,1,6,18,1,18
NAUKRI,M2,EQUITY,200,5,1,5,15,1,15
NAUKRI,M3,EQUITY,200,3,1,3,9,1,9
NAUKRI,M3,EQUITY,400,2,1,2,6,1,6
NAVINFLUOR,M1,EQUITY,50,7,1,7,21,1,21
NAVINFLUOR,M1,EQUITY,100,5,1,5,15,1,15
NAVINFLUOR,M2,EQUITY,50,7,1,7,21,1,21
NAVINFLUOR,M2,EQUITY,100,5,1,5,15,1,15
NAVINFLUOR,M3,EQUITY,100,4,1,4,12,1,12
NAVINFLUOR,M3,EQUITY,200,3,1,3,9,1,9
NESTLEIND,M1,EQUITY,20,12,1,12,36,1,36
NESTLEIND,M1,EQUITY,40,10,1,10,30,1,30
NESTLEIND,M2,EQUITY,20,12,1,12,36,1,36
NESTLEIND,M2,EQUITY,40,10,1,10,30,1,30
NESTLEIND,M3,EQUITY,40,6,1,6,18,1,18
NESTLEIND,M3,EQUITY,80,5,1,5,15,1,15
NMDC,M1,EQUITY,5,5,1,5,15,1,15
NMDC,M1,EQUITY,10,4,1,4,12,1,12
NMDC,M2,EQUITY,5,5,1,5,15,1,15
NMDC,M2,EQUITY,10,4,1,4,12,1,12
NMDC,M3,EQUITY,10,3,1,3,9,1,9
NMDC,M3,EQUITY,20,2,1,2,6,1,6
NTPC,M1,EQUITY,5,7,1,7,21,1,21
NTPC,M1,EQUITY,10,6,1,6,18,1,18
NTPC,M2,EQUITY,5,7,1,7,21,1,21
NTPC,M2,EQUITY,10,6,1,6,18,1,18
NTPC,M3,EQUITY,10,4,1,4,12,1,12
NTPC,M3,EQUITY,20,3,1,3,9,1,9
OBEROIRLTY,M1,EQUITY,20,10,1,10,30,1,30
OBEROIRLTY,M1,EQUITY,40,7,1,7,21,1,21
OBEROIRLTY,M2,EQUITY,20,10,1,10,30,1,30
OBEROIRLTY,M2,EQUITY,40,7,1,7,21,1,21
OBEROIRLTY,M3,EQUITY,40,5,1,5,15,1,15
OBEROIRLTY,M3,EQUITY,80,4,1,4,12,1,12
OFSS,M1,EQUITY,100,10,1,10,30,1,30
OFSS,M1,EQUITY,200,7,1,7,21,1,21
OFSS,M2,EQUITY,100,10,1,10,30,1,30
OFSS,M2,EQUITY,200,7,1,7,21,1,21
OFSS,M3,EQUITY,200,5,1,5,15,1,15
OFSS,M3,EQUITY,400,4,1,4,12,1,12
ONGC,M1,EQUITY,5,6,1,6,18,1,18
ONGC,M1,EQUITY,10,4,1,4,12,1,12
ONGC,M2,EQUITY,5,6,1,6,18,1,18
ONGC,M2,EQUITY,10,4,1,4,12,1,12
ONGC,M3,EQUITY,10,3,1,3,9,1,9
ONGC,M3,EQUITY,20,2,1,2,6,1,6
PAGEIND,M1,EQUITY,500,8,1,8,24,1,24
PAGEIND,M1,EQUITY,1000,6,1,6,18,1,18
PAGEIND,M2,EQUITY,500,8,1,8,24,1,24
PAGEIND,M2,EQUITY,1000,6,1,6,18,1,18
PAGEIND,M3,EQUITY,1000,4,1,4,12,1,12
PAGEIND,M3,EQUITY,2000,3,1,3,9,1,9
PEL,M1,EQUITY,10,9,1,9,27,1,27
PEL,M1,EQUITY,20,7,1,7,21,1,21
PEL,M2,EQUITY,10,9,1,9,27,1,27
PEL,M2,EQUITY,20,7,1,7,21,1,21
PEL,M3,EQUITY,20,4,1,4,12,1,12
PEL,M3,EQUITY,40,3,1,3,9,1,9
PERSISTENT,M1,EQUITY,50,8,1,8,24,1,24
PERSISTENT,M1,EQUITY,100,6,1,6,18,1,18
PERSISTENT,M2,EQUITY,50,8,1,8,24,1,24
PERSISTENT,M2,EQUITY,100,6,1,6,18,1,18
PERSISTENT,M3,EQUITY,100,4,1,4,12,1,12
PERSISTENT,M3,EQUITY,200,3,1,3,9,1,9
PETRONET,M1,EQUITY,5,7,1,7,21,1,21
PETRONET,M1,EQUITY,10,5,1,5,15,1,15
PETRONET,M2,EQUITY,5,7,1,7,21,1,21
PETRONET,M2,EQUITY,10,5,1,5,15,1,15
PETRONET,M3,EQUITY,10,3,1,3,9,1,9
PETRONET,M3,EQUITY,20,2,1,2,6,1,6
PFC,M1,EQUITY,10,5,1,5,15,1,15
PFC,M1,EQUITY,20,4,1,4,12,1,12
PFC,M2,EQUITY,10,5,1,5,15,1,15
PFC,M2,EQUITY,20,4,1,4,12,1,12
PFC,M3,EQUITY,20,3,1,3,9,1,9
PFC,M3,EQUITY,40,2,1,2,6,1,6
PIDILITIND,M1,EQUITY,20,12,1,12,36,1,36
PIDILITIND,M1,EQUITY,40,12,1,12,36,1,36
PIDILITIND,M2,EQUITY,20,12,1,12,36,1,36
PIDILITIND,M2,EQUITY,40,12,1,12,36,1,36
PIDILITIND,M3,EQUITY,40,6,1,6,18,1,18
PIDILITIND,M3,EQUITY,80,6,1,6,18,1,18
PIIND,M1,EQUITY,50,7,1,7,21,1,21
PIIND,M1,EQUITY,100,5,1,5,15,1,15
PIIND,M2,EQUITY,50,7,1,7,21,1,21
PIIND,M2,EQUITY,100,5,1,5,15,1,15
PIIND,M3,EQUITY,100,4,1,4,12,1,12
PIIND,M3,EQUITY,200,3,1,3,9,1,9
PNB,M1,EQUITY,2.5,5,1,5,15,1,15
PNB,M1,EQUITY,5,4,1,4,12,1,12
PNB,M2,EQUITY,2.5,5,1,5,15,1,15
PNB,M2,EQUITY,5,4,1,4,12,1,12
PNB,M3,EQUITY,5,3,1,3,9,1,9
PNB,M3,EQUITY,10,2,1,2,6,1,6
POLYCAB,M1,EQUITY,100,7,1,7,21,1,21
POLYCAB,M1,EQUITY,200,5,1,5,15,1,15
POLYCAB,M2,EQUITY,100,7,1,7,21,1,21
POLYCAB,M2,EQUITY,200,5,1,5,15,1,15
POLYCAB,M3,EQUITY,200,4,1,4,12,1,12
POLYCAB,M3,EQUITY,400,3,1,3,9,1,9
POWERGRID,M1,EQUITY,5,6,1,6,18,1,18
POWERGRID,M1,EQUITY,10,5,1,5,15,1,15
POWERGRID,M2,EQUITY,5,6,1,6,18,1,18
POWERGRID,M2,EQUITY,10,5,1,5,15,1,15
POWERGRID,M3,EQUITY,10,3,1,3,9,1,9
POWERGRID,M3,EQUITY,20,2,1,2,6,1,6
PVRINOX,M1,EQUITY,20,7,1,7,21,1,21
PVRINOX,M1,EQUITY,40,5,1,5,15,1,15
PVRINOX,M2,EQUITY,20,7,1,7,21,1,21
PVRINOX,M2,EQUITY,40,5,1,5,15,1,15
PVRINOX,M3,EQUITY,80,3,1,3,9,1,9
PVRINOX,M3,EQUITY,40,4,1,4,12,1,12
RAMCOCEM,M1,EQUITY,10,9,1,9,27,1,27
RAMCOCEM,M1,EQUITY,20,7,1,7,21,1,21
RAMCOCEM,M2,EQUITY,10,9,1,9,27,1,27
RAMCOCEM,M2,EQUITY,20,7,1,7,21,1,21
RAMCOCEM,M3,EQUITY,20,4,1,4,12,1,12
RAMCOCEM,M3,EQUITY,40,3,1,3,9,1,9
RBLBANK,M1,EQUITY,5,5,1,5,15,1,15
RBLBANK,M1,EQUITY,10,4,1,4,12,1,12
RBLBANK,M2,EQUITY,5,5,1,5,15,1,15
RBLBANK,M2,EQUITY,10,4,1,4,12,1,12
RBLBANK,M3,EQUITY,10,3,1,3,9,1,9
RBLBANK,M3,EQUITY,20,2,1,2,6,1,6
RECLTD,M1,EQUITY,10,5,1,5,15,1,15
RECLTD,M1,EQUITY,20,4,1,4,12,1,12
RECLTD,M2,EQUITY,10,5,1,5,15,1,15
RECLTD,M2,EQUITY,20,4,1,4,12,1,12
RECLTD,M3,EQUITY,20,3,1,3,9,1,9
RECLTD,M3,EQUITY,40,2,1,2,6,1,6
RELIANCE,M1,EQUITY,20,12,1,12,36,1,36
RELIANCE,M1,EQUITY,40,11,1,11,33,1,33
RELIANCE,M2,EQUITY,20,12,1,12,36,1,36
RELIANCE,M2,EQUITY,40,11,1,11,33,1,33
RELIANCE,M3,EQUITY,40,6,1,6,18,1,18
RELIANCE,M3,EQUITY,80,6,1,6,18,1,18
SAIL,M1,EQUITY,2.5,6,1,6,18,1,18
SAIL,M1,EQUITY,5,5,1,5,15,1,15
SAIL,M2,EQUITY,2.5,6,1,6,18,1,18
SAIL,M2,EQUITY,5,5,1,5,15,1,15
SAIL,M3,EQUITY,5,3,1,3,9,1,9
SAIL,M3,EQUITY,10,2,1,2,6,1,6
SBICARD,M1,EQUITY,5,12,1,12,36,1,36
SBICARD,M1,EQUITY,10,11,1,11,33,1,33
SBICARD,M2,EQUITY,5,12,1,12,36,1,36
SBICARD,M2,EQUITY,10,11,1,11,33,1,33
SBICARD,M3,EQUITY,10,6,1,6,18,1,18
SBICARD,M3,EQUITY,20,5,1,5,15,1,15
SBILIFE,M1,EQUITY,20,7,1,7,21,1,21
SBILIFE,M1,EQUITY,40,5,1,5,15,1,15
SBILIFE,M2,EQUITY,20,7,1,7,21,1,21
SBILIFE,M2,EQUITY,40,5,1,5,15,1,15
SBILIFE,M3,EQUITY,40,4,1,4,12,1,12
SBILIFE,M3,EQUITY,80,3,1,3,9,1,9
SBIN,M1,EQUITY,10,8,1,8,24,1,24
SBIN,M1,EQUITY,20,6,1,6,18,1,18
SBIN,M2,EQUITY,10,8,1,8,24,1,24
SBIN,M2,EQUITY,20,6,1,6,18,1,18
SBIN,M3,EQUITY,20,4,1,4,12,1,12
SBIN,M3,EQUITY,40,3,1,3,9,1,9
SHREECEM,M1,EQUITY,250,11,1,11,33,1,33
SHREECEM,M1,EQUITY,500,8,1,8,24,1,24
SHREECEM,M2,EQUITY,250,11,1,11,33,1,33
SHREECEM,M2,EQUITY,500,8,1,8,24,1,24
SHREECEM,M3,EQUITY,500,6,1,6,18,1,18
SHREECEM,M3,EQUITY,1000,4,1,4,12,1,12
SHRIRAMFIN,M1,EQUITY,50,6,1,6,18,1,18
SHRIRAMFIN,M1,EQUITY,100,4,1,4,12,1,12
SHRIRAMFIN,M2,EQUITY,50,6,1,6,18,1,18
SHRIRAMFIN,M2,EQUITY,100,4,1,4,12,1,12
SHRIRAMFIN,M3,EQUITY,100,3,1,3,9,1,9
SHRIRAMFIN,M3,EQUITY,200,2,1,2,6,1,6
SIEMENS,M1,EQUITY,100,8,1,8,24,1,24
SIEMENS,M1,EQUITY,200,6,1,6,18,1,18
SIEMENS,M2,EQUITY,100,8,1,8,24,1,24
SIEMENS,M2,EQUITY,200,6,1,6,18,1,18
SIEMENS,M3,EQUITY,200,4,1,4,12,1,12
SIEMENS,M3,EQUITY,400,3,1,3,9,1,9
SRF,M1,EQUITY,20,12,1,12,36,1,36
SRF,M1,EQUITY,40,9,1,9,27,1,27
SRF,M2,EQUITY,20,12,1,12,36,1,36
SRF,M2,EQUITY,40,9,1,9,27,1,27
SRF,M3,EQUITY,40,6,1,6,18,1,18
SRF,M3,EQUITY,80,5,1,5,15,1,15
SUNPHARMA,M1,EQUITY,20,8,1,8,24,1,24
SUNPHARMA,M1,EQUITY,40,6,1,6,18,1,18
SUNPHARMA,M2,EQUITY,20,8,1,8,24,1,24
SUNPHARMA,M2,EQUITY,40,6,1,6,18,1,18
SUNPHARMA,M3,EQUITY,40,4,1,4,12,1,12
SUNPHARMA,M3,EQUITY,80,3,1,3,9,1,9
SUNTV,M1,EQUITY,10,8,1,8,24,1,24
SUNTV,M1,EQUITY,20,6,1,6,18,1,18
SUNTV,M2,EQUITY,10,8,1,8,24,1,24
SUNTV,M2,EQUITY,20,6,1,6,18,1,18
SUNTV,M3,EQUITY,20,4,1,4,12,1,12
SUNTV,M3,EQUITY,40,3,1,3,9,1,9
SYNGENE,M1,EQUITY,10,7,1,7,21,1,21
SYNGENE,M1,EQUITY,20,5,1,5,15,1,15
SYNGENE,M2,EQUITY,10,7,1,7,21,1,21
SYNGENE,M2,EQUITY,20,5,1,5,15,1,15
SYNGENE,M3,EQUITY,40,3,1,3,9,1,9
SYNGENE,M3,EQUITY,20,4,1,4,12,1,12
TATACHEM,M1,EQUITY,20,6,1,6,18,1,18
TATACHEM,M1,EQUITY,40,4,1,4,12,1,12
TATACHEM,M2,EQUITY,20,6,1,6,18,1,18
TATACHEM,M2,EQUITY,40,4,1,4,12,1,12
TATACHEM,M3,EQUITY,40,3,1,3,9,1,9
TATACHEM,M3,EQUITY,80,2,1,2,6,1,6
TATACOMM,M1,EQUITY,20,9,1,9,27,1,27
TATACOMM,M1,EQUITY,40,7,1,7,21,1,21
TATACOMM,M2,EQUITY,20,9,1,9,27,1,27
TATACOMM,M2,EQUITY,40,7,1,7,21,1,21
TATACOMM,M3,EQUITY,40,5,1,5,15,1,15
TATACOMM,M3,EQUITY,80,3,1,3,9,1,9
TATACONSUM,M1,EQUITY,10,11,1,11,33,1,33
TATACONSUM,M1,EQUITY,20,8,1,8,24,1,24
TATACONSUM,M2,EQUITY,10,11,1,11,33,1,33
TATACONSUM,M2,EQUITY,20,8,1,8,24,1,24
TATACONSUM,M3,EQUITY,20,6,1,6,18,1,18
TATACONSUM,M3,EQUITY,40,4,1,4,12,1,12
TATAMOTORS,M1,EQUITY,10,10,1,10,30,1,30
TATAMOTORS,M1,EQUITY,20,7,1,7,21,1,21
TATAMOTORS,M2,EQUITY,10,10,1,10,30,1,30
TATAMOTORS,M2,EQUITY,20,7,1,7,21,1,21
TATAMOTORS,M3,EQUITY,20,5,1,5,15,1,15
TATAMOTORS,M3,EQUITY,40,4,1,4,12,1,12
TATAPOWER,M1,EQUITY,5,9,1,9,27,1,27
TATAPOWER,M1,EQUITY,10,7,1,7,21,1,21
TATAPOWER,M2,EQUITY,5,9,1,9,27,1,27
TATAPOWER,M2,EQUITY,10,7,1,7,21,1,21
TATAPOWER,M3,EQUITY,10,5,1,5,15,1,15
TATAPOWER,M3,EQUITY,20,3,1,3,9,1,9
TATASTEEL,M1,EQUITY,5,5,1,5,15,1,15
TATASTEEL,M1,EQUITY,2.5,7,1,7,21,1,21
TATASTEEL,M2,EQUITY,2.5,7,1,7,21,1,21
TATASTEEL,M2,EQUITY,5,5,1,5,15,1,15
TATASTEEL,M3,EQUITY,5,4,1,4,12,1,12
TATASTEEL,M3,EQUITY,10,3,1,3,9,1,9
TCS,M1,EQUITY,50,8,1,8,24,1,24
TCS,M1,EQUITY,100,6,1,6,18,1,18
TCS,M2,EQUITY,50,8,1,8,24,1,24
TCS,M2,EQUITY,100,6,1,6,18,1,18
TCS,M3,EQUITY,100,4,1,4,12,1,12
TCS,M3,EQUITY,200,3,1,3,9,1,9
TECHM,M1,EQUITY,20,7,1,7,21,1,21
TECHM,M1,EQUITY,40,5,1,5,15,1,15
TECHM,M2,EQUITY,20,7,1,7,21,1,21
TECHM,M2,EQUITY,40,5,1,5,15,1,15
TECHM,M3,EQUITY,40,3,1,3,9,1,9
TECHM,M3,EQUITY,80,3,1,3,9,1,9
TITAN,M1,EQUITY,20,12,1,12,36,1,36
TITAN,M1,EQUITY,40,12,1,12,36,1,36
TITAN,M2,EQUITY,20,12,1,12,36,1,36
TITAN,M2,EQUITY,40,12,1,12,36,1,36
TITAN,M3,EQUITY,40,6,1,6,18,1,18
TITAN,M3,EQUITY,80,6,1,6,18,1,18
TORNTPHARM,M1,EQUITY,20,12,1,12,36,1,36
TORNTPHARM,M1,EQUITY,40,11,1,11,33,1,33
TORNTPHARM,M2,EQUITY,20,12,1,12,36,1,36
TORNTPHARM,M2,EQUITY,40,11,1,11,33,1,33
TORNTPHARM,M3,EQUITY,40,6,1,6,18,1,18
TORNTPHARM,M3,EQUITY,80,5,1,5,15,1,15
TRENT,M1,EQUITY,100,5,1,5,15,1,15
TRENT,M1,EQUITY,200,4,1,4,12,1,12
TRENT,M2,EQUITY,100,5,1,5,15,1,15
TRENT,M2,EQUITY,200,4,1,4,12,1,12
TRENT,M3,EQUITY,200,3,1,3,9,1,9
TRENT,M3,EQUITY,400,2,1,2,6,1,6
TVSMOTOR,M1,EQUITY,20,12,1,12,36,1,36
TVSMOTOR,M1,EQUITY,40,9,1,9,27,1,27
TVSMOTOR,M2,EQUITY,20,12,1,12,36,1,36
TVSMOTOR,M2,EQUITY,40,9,1,9,27,1,27
TVSMOTOR,M3,EQUITY,40,6,1,6,18,1,18
TVSMOTOR,M3,EQUITY,80,5,1,5,15,1,15
UBL,M1,EQUITY,20,11,1,11,33,1,33
UBL,M1,EQUITY,40,8,1,8,24,1,24
UBL,M2,EQUITY,20,11,1,11,33,1,33
UBL,M2,EQUITY,40,8,1,8,24,1,24
UBL,M3,EQUITY,40,5,1,5,15,1,15
UBL,M3,EQUITY,80,4,1,4,12,1,12
ULTRACEMCO,M1,EQUITY,100,11,1,11,33,1,33
ULTRACEMCO,M1,EQUITY,200,8,1,8,24,1,24
ULTRACEMCO,M2,EQUITY,100,11,1,11,33,1,33
ULTRACEMCO,M2,EQUITY,200,8,1,8,24,1,24
ULTRACEMCO,M3,EQUITY,200,6,1,6,18,1,18
ULTRACEMCO,M3,EQUITY,400,4,1,4,12,1,12
UNITDSPR,M1,EQUITY,20,6,1,6,18,1,18
UNITDSPR,M1,EQUITY,40,5,1,5,15,1,15
UNITDSPR,M2,EQUITY,20,6,1,6,18,1,18
UNITDSPR,M2,EQUITY,40,5,1,5,15,1,15
UNITDSPR,M3,EQUITY,40,3,1,3,9,1,9
UNITDSPR,M3,EQUITY,80,2,1,2,6,1,6
UPL,M1,EQUITY,5,11,1,11,33,1,33
UPL,M1,EQUITY,10,8,1,8,24,1,24
UPL,M2,EQUITY,5,11,1,11,33,1,33
UPL,M2,EQUITY,10,8,1,8,24,1,24
UPL,M3,EQUITY,10,6,1,6,18,1,18
UPL,M3,EQUITY,20,4,1,4,12,1,12
VEDL,M1,EQUITY,10,5,1,5,15,1,15
VEDL,M1,EQUITY,20,3,1,3,9,1,9
VEDL,M2,EQUITY,10,5,1,5,15,1,15
VEDL,M2,EQUITY,20,3,1,3,9,1,9
VEDL,M3,EQUITY,20,3,1,3,9,1,9
VEDL,M3,EQUITY,40,2,1,2,6,1,6
VOLTAS,M1,EQUITY,20,8,1,8,24,1,24
VOLTAS,M1,EQUITY,40,6,1,6,18,1,18
VOLTAS,M2,EQUITY,20,8,1,8,24,1,24
VOLTAS,M2,EQUITY,40,6,1,6,18,1,18
VOLTAS,M3,EQUITY,40,4,1,4,12,1,12
VOLTAS,M3,EQUITY,80,3,1,3,9,1,9
WIPRO,M1,EQUITY,5,10,1,10,30,1,30
WIPRO,M1,EQUITY,10,7,1,7,21,1,21
WIPRO,M2,EQUITY,5,10,1,10,30,1,30
WIPRO,M2,EQUITY,10,7,1,7,21,1,21
WIPRO,M3,EQUITY,10,5,1,5,15,1,15
WIPRO,M3,EQUITY,20,4,1,4,12,1,12
ZYDUSLIFE,M1,EQUITY,20,6,1,6,18,1,18
ZYDUSLIFE,M1,EQUITY,40,4,1,4,12,1,12
ZYDUSLIFE,M2,EQUITY,20,6,1,6,18,1,18
ZYDUSLIFE,M2,EQUITY,40,4,1,4,12,1,12
ZYDUSLIFE,M3,EQUITY,40,3,1,3,9,1,9
ZYDUSLIFE,M3,EQUITY,80,2,1,2,6,1,6
